{
  "vanilla": false,
  "red_numbers": false,
  "x": 509.29576873779297,
  "y": 221.53521072864532
}